"id","path","category","cover","page"
1,"IMG_0241.JPG","Reef Tanks",,
2,"IMG_0239.JPG","Reef Tanks",,
3,"IMG_0231.JPG","Reef Tanks",,
4,"IMG_0235.JPG","Reef Tanks",,
5,"IMG_0236.JPG","Reef Tanks",,
6,"IMG_0237.JPG","Reef Tanks",,
7,"IMG_0175.JPG","Reef Tanks",TRUE,"reeftanks"
8,"IMG_0294.JPG","Portraits",,
9,"IMG_0299.JPG","Portraits",,
10,"IMG_0301.JPG","Portraits",,
11,"IMG_0302.JPG","Portraits",TRUE,"portraits"
12,"IMG_0310.JPG","Portraits",,
13,"IMG_0317.JPG","Portraits",,
14,"IMG_0325.JPG","Portraits",,
15,"IMG_0326.JPG","Portraits",,
16,"IMG_0194.JPG","Landscapes",TRUE,"landscapes"
17,"about1.JPG","about",,
18,"about2.JPG","about",,
